902190630,Melanie,Barnes,6144411001,MelanieBarnes@outlook.com
189101892,Logan,Ross,6144411002,LoganRoss@outlook.com
752349923,Serenity,Henderson,6144411003,SerenityHenderson@outlook.com
209034991,James,Coleman,6144411004,JamesColeman@outlook.com
802400420,Maria,Jenkins,6144411005,MariaJenkins@outlook.com
411949529,Gabriel,Perry,6144411006,GabrielPerry@outlook.com
492553603,Caroline,Powell,6144411007,CarolinePowell@outlook.com
686643237,Ryan,Long,6144411008,RyanLong@outlook.com
308613918,Kaitlyn,Patterson,6144411009,KaitlynPatterson@outlook.com
422378573,Jackson,Hughes,6144411010,JacksonHughes@outlook.com
937100242,Jessica,Flores,6144411011,JessicaFlores@outlook.com
851157130,Nathan,Washington,6144411012,NathanWashington@outlook.com
851157132,Valeria,Butler,6144411013,ValeriaButler@outlook.com
694251544,Christian,Simmons,6144411014,ChristianSimmons@outlook.com
987427913,Naomi,Foster,6144411015,NaomiFoster@outlook.com
925616554,Dylan,Gonzales,6144411016,DylanGonzales@outlook.com
744765661,Natalia,Bryant,6144411017,NataliaBryant@outlook.com
614095390,Caleb,Alexander,6144411018,CalebAlexander@outlook.com
648079756,Rachel,Russell,6144411019,RachelRussell@outlook.com
566330472,Lucas,Griffin,6144411020,LucasGriffin@outlook.com
539548339,Sophia,Diaz,6144411021,SophiaDiaz@outlook.com
953929014,Gavin,Hayes,6144411022,GavinHayes@outlook.com
751401844,Olivia,Smith,6144411023,OliviaSmith@outlook.com
104470042,Isaac,Johnson,6144411024,IsaacJohnson@outlook.com
455660541,Emily,Williams,6144411025,EmilyWilliams@outlook.com
168154831,Luke,Jones,6144411026,LukeJones@outlook.com
297340512,Madison,Brown,6144411027,MadisonBrown@outlook.com
895954833,Brandon,Davis,6144411028,BrandonDavis@outlook.com
250538510,Mia,Miller,6144411029,MiaMiller@outlook.com
365291892,Isaiah,Wilson,6144411030,IsaiahWilson@outlook.com
482478832,Elizabeth,Moore,6144411031,ElizabethMoore@outlook.com
731214023,Owen,Taylor,6144411032,OwenTaylor@outlook.com
262940930,Natalie,Anderson,6144411033,NatalieAnderson@outlook.com
422373826,Connor,Thomas,6144411034,ConnorThomas@outlook.com
887215097,Alexis,Jackson,6144411035,AlexisJackson@outlook.com
385759267,Jose,White,6144411036,JoseWhite@outlook.com
455555693,Grace,Harris,6144411037,GraceHarris@outlook.com
735786136,Julian,Martin,6144411038,JulianMartin@outlook.com
588446011,Alyssa,Thompson,6144411039,AlyssaThompson@outlook.com
854005929,Aaron,Garcia,6144411040,AaronGarcia@outlook.com
387549233,Hannah,Martinez,6144411041,HannahMartinez@outlook.com
542946191,Wyatt,Robinson,6144411042,WyattRobinson@outlook.com
326197327,Leah,Clark,6144411043,LeahClark@outlook.com
707137474,Hunter,Rodriguez,6144411044,HunterRodriguez@outlook.com
983055308,Sofia,Lewis,6144411045,SofiaLewis@outlook.com
502183914,Zachary,Lee,6144411046,ZacharyLee@outlook.com
744643643,Anna,Walker,6144411047,AnnaWalker@outlook.com
913387506,Charles,Hall,6144411048,CharlesHall@outlook.com
